id;address_1;address_2;city;postcode;country
1;transplant cruelly;gray until;Huelside;sharply;Cu
2;bah but distinct;finally utilized;Rowlett;between at;Ga
3;trolley;lift supposing ah;Galveston;a as;No
4;than;before;North Jamel;pfft yearn;Zi
5;cap;who;Melanyshire;oof hoof w;No
6;only trim;custody whether citizen;Fort Dahliastad;yummy blin;So
7;avalanche;why into phooey;Rhiannonfort;plain;Sa
8;above;justly before;Napa;instead ti;De
9;during finally the;wasabi among as;Galveston;bestride;Mo
10;harangue ugh;rusty;Kihnview;pro;Ca
