id;first_name;last_name;email;telephone
1;Charley;Maggio-Bednar;Manuel51@gmail.com;1-269-524-2045 x902
2;Brice;Gutkowski;Jany_Kuhlman@gmail.com;(672) 463-3172 x9387
3;Janessa;Ullrich;Scotty_Bartell56@gmail.com;722.229.8624 x5498
4;Aaliyah;Swift;Angelica_Wilderman77@yahoo.com;(643) 839-5175
5;Brannon;Donnelly;Ibrahim.Harvey11@hotmail.com;833-235-5292
6;Oswald;Hodkiewicz;Treva4@gmail.com;1-621-570-5662 x3436
7;Chase;Ledner;Pasquale_Schneider@hotmail.com;597.680.2204 x921
8;Adonis;Parker;Warren37@gmail.com;666.354.5077 x252
9;Brandon;Johnston-Lind;Noah_Sawayn20@hotmail.com;795-414-9668 x92803
10;Christ;Kertzmann;Elinor_Bartell@yahoo.com;1-632-629-4608 x70804
